{"cameraMode":{"drawMode":0,"name":"Shaded","section":"Shading Mode"},"sceneLighting":false,"audioPlay":false,"sceneViewState":{"showFog":true,"showMaterialUpdate":false,"showSkybox":true,"showFlares":true,"showImageEffects":true,"showParticleSystems":true},"in2DMode":false,"pivot":{"x":-0.014810621738433838,"y":1.285622239112854,"z":-2.5151782035827638},"rotation":{"x":-0.01736559346318245,"y":0.9417015910148621,"z":-0.33238327503204348,"w":-0.04920092597603798},"size":6.396795272827148,"orthographic":false}