{"cameraMode":{"drawMode":0,"name":"Shaded","section":"Shading Mode"},"sceneLighting":false,"audioPlay":false,"sceneViewState":{"showFog":true,"showMaterialUpdate":false,"showSkybox":true,"showFlares":true,"showImageEffects":true,"showParticleSystems":true},"in2DMode":false,"pivot":{"x":-0.00025963783264160156,"y":1.2856223583221436,"z":7.901205062866211},"rotation":{"x":-0.08194556087255478,"y":0.9164820909500122,"z":-0.3035188913345337,"w":-0.24743781983852387},"size":5.29652738571167,"orthographic":false}