{"cameraMode":{"drawMode":0,"name":"Shaded","section":"Shading Mode"},"sceneLighting":true,"audioPlay":false,"sceneViewState":{"showFog":true,"showMaterialUpdate":false,"showSkybox":true,"showFlares":true,"showImageEffects":true,"showParticleSystems":true},"in2DMode":false,"pivot":{"x":-0.12672024965286256,"y":2.8783140182495119,"z":-2.575662612915039},"rotation":{"x":-0.007090571336448193,"y":0.9291201829910278,"z":-0.369282603263855,"w":-0.017840640619397165},"size":17.742780685424806,"orthographic":false}